date,view,like,coin,favorite,share,danmaku,reply,title,desc,pic
2022-01-16,32733,552,155,283,24,286,86,【还原童年】《战争进化史》植物大战僵尸版,"1.场景取自植物大战僵尸冒险1-1（废话...）
2.不知道进化史是多少人的童年呢...
3.喜欢就投个票吧（尽管这么迟发已经不抱太大希望了=  =）
4.不知道导出画质如何...（如果清晰这句话可以无视）
5.之前的视频模糊不清于是乎删了重发...
6.视频里面的时代名字是胡编的...（为什么中世纪会有橄榄球啊喂）
7.原版《进化史》里面的士兵莫名给人一种在排队结账的错觉...",http://i1.hdslb.com/bfs/archive/b8eeb9fd3fbbe94670508e0be40ef17dfe549251.jpg
2022-01-17,32749,553,155,283,24,286,86,〃,〃,〃
2022-01-18,32828,556,155,283,24,286,86,〃,〃,〃
2022-01-19,32934,558,155,284,24,286,86,〃,〃,〃
2022-01-20,33004,559,155,284,24,286,86,〃,〃,〃
2022-01-21,33076,560,155,284,24,287,86,〃,〃,〃
2022-01-22,33127,561,155,284,24,288,86,〃,〃,〃
2022-01-23,33174,563,155,284,24,288,86,〃,〃,〃
2022-01-24,33211,563,155,284,24,288,86,〃,〃,〃
2022-01-25,33257,563,155,284,24,288,86,〃,〃,〃
2022-01-26,33311,563,155,284,24,288,86,〃,〃,〃
2022-01-27,33387,564,155,284,24,288,86,〃,〃,〃
2022-01-28,33435,564,155,284,24,288,86,〃,〃,〃
2022-01-29,33464,564,155,284,24,288,86,〃,〃,〃
2022-01-30,33491,564,155,284,24,288,86,〃,〃,〃
2022-01-31,33517,564,155,284,24,288,86,〃,〃,〃
2022-02-01,33554,565,155,284,24,288,86,〃,〃,〃
2022-02-02,33606,566,155,284,24,288,86,〃,〃,〃
2022-02-03,33658,567,155,285,24,288,86,〃,〃,〃
2022-02-04,33693,568,155,285,24,288,86,〃,〃,〃
2022-02-05,33730,568,155,285,24,288,86,〃,〃,〃
2022-02-06,33766,568,155,285,24,288,86,〃,〃,〃
2022-02-07,33937,575,155,286,24,289,86,〃,〃,〃
2022-02-08,34020,579,155,286,24,289,86,〃,〃,〃
2022-02-09,34093,582,155,287,24,289,86,〃,〃,〃
2022-02-10,34177,583,155,287,24,289,86,〃,〃,〃
2022-02-11,34243,586,157,288,24,289,86,〃,〃,〃
2022-02-12,34301,587,157,288,24,289,86,〃,〃,〃
2022-02-13,34362,587,157,289,24,289,86,〃,〃,〃
2022-02-14,34418,587,157,289,24,289,86,〃,〃,〃
2022-02-15,34463,587,157,289,24,289,86,〃,〃,〃
2022-02-16,34501,588,157,289,24,289,86,〃,〃,〃
2022-02-17,34518,588,157,289,24,289,86,〃,〃,〃
2022-02-18,34544,588,157,289,24,289,86,〃,〃,〃
2022-02-19,34598,589,157,289,24,289,86,〃,〃,〃
2022-02-20,34638,589,157,289,24,289,86,〃,〃,〃
2022-02-21,34663,589,157,289,24,289,86,〃,〃,〃
2022-02-22,34686,589,157,289,24,289,86,〃,〃,〃
2022-02-23,34702,590,157,289,24,289,86,〃,〃,〃
2022-02-24,34724,590,157,289,24,289,86,〃,〃,〃
2022-02-25,34747,590,157,289,24,289,86,〃,〃,〃
2022-02-26,34797,592,157,290,24,289,86,〃,〃,〃
2022-02-27,34853,592,157,290,24,289,86,〃,〃,〃
2022-02-28,34876,593,157,290,24,290,86,〃,〃,〃
2022-03-01,34890,594,157,290,24,290,86,〃,〃,〃
2022-03-02,34911,594,157,290,24,290,86,〃,〃,〃
2022-03-03,34939,594,157,290,24,290,86,〃,〃,〃
2022-03-04,34970,594,157,291,24,290,86,〃,〃,〃
2022-03-05,35014,596,157,291,24,290,86,〃,〃,〃
2022-03-06,35063,597,157,291,24,290,86,〃,〃,〃
2022-03-07,35080,598,157,291,24,290,86,〃,〃,〃
2022-03-08,35098,598,157,291,24,290,86,〃,〃,〃
2022-03-09,35119,598,157,291,24,290,86,〃,〃,〃
2022-03-10,35139,599,157,291,24,290,86,〃,〃,〃
2022-03-11,35151,599,157,291,24,290,86,〃,〃,〃
2022-03-12,35187,599,157,291,24,290,86,〃,〃,〃
2022-03-13,35222,599,157,291,24,290,86,〃,〃,〃
2022-03-14,35232,599,157,291,24,290,86,〃,〃,〃
2022-03-15,35244,599,157,291,24,290,86,〃,〃,〃
2022-03-16,35256,599,157,291,24,290,86,〃,〃,〃
2022-03-17,35269,599,157,291,24,290,86,〃,〃,〃
2022-03-18,35284,599,157,291,24,290,86,〃,〃,〃
2022-03-19,35330,599,157,291,24,290,86,〃,〃,〃
2022-03-20,35356,599,157,291,24,290,86,〃,〃,〃
2022-03-21,35376,599,157,291,24,290,86,〃,〃,〃
2022-03-22,35389,600,159,292,24,290,86,〃,〃,〃
2022-03-23,35407,600,159,291,24,290,86,〃,〃,〃
2022-03-24,35429,600,159,291,24,290,86,〃,〃,〃
2022-03-25,35441,600,159,291,24,290,86,〃,〃,〃
2022-03-26,35457,600,159,291,24,290,86,〃,〃,〃
2022-03-27,35479,600,159,291,24,290,86,〃,〃,〃
2022-03-28,35498,600,159,291,24,290,86,〃,〃,〃
2022-03-29,35517,600,159,291,24,290,86,〃,〃,〃
2022-03-30,35538,604,159,292,24,290,86,〃,〃,〃
2022-03-31,35552,604,159,292,24,290,86,〃,〃,〃
2022-04-01,35571,604,159,292,24,290,86,〃,〃,〃
2022-04-02,35589,604,159,292,24,290,86,〃,〃,〃
2022-04-03,35617,604,159,292,24,290,86,〃,〃,〃
2022-04-04,35631,604,159,292,24,290,86,〃,〃,〃
2022-04-05,35657,605,159,292,24,290,86,〃,〃,〃
2022-04-06,35676,606,159,292,24,290,86,〃,〃,〃
2022-04-07,35688,606,159,292,24,290,86,〃,〃,〃
2022-04-08,35708,606,159,292,24,290,86,〃,〃,〃
2022-04-09,35741,607,159,293,24,290,86,〃,〃,〃
2022-04-10,35774,607,159,293,24,290,86,〃,〃,〃
2022-04-11,35789,607,159,293,24,290,86,〃,〃,〃
2022-04-12,35805,607,159,293,24,290,86,〃,〃,〃
2022-04-13,35823,607,159,293,24,290,86,〃,〃,〃
2022-04-14,35838,607,159,293,24,290,86,〃,〃,〃
2022-04-15,35858,608,161,293,24,290,86,〃,〃,〃
2022-04-16,35888,608,161,293,24,290,86,〃,〃,〃
2022-04-17,35916,608,161,293,24,290,86,〃,〃,〃
2022-04-18,35931,608,161,293,24,290,86,〃,〃,〃
2022-04-19,35945,608,161,293,24,290,86,〃,〃,〃
2022-04-20,35958,608,161,293,24,290,86,〃,〃,〃
2022-04-21,35967,608,161,293,24,290,86,〃,〃,〃
2022-04-22,35991,608,161,293,24,290,86,〃,〃,〃
2022-04-23,36022,608,161,293,24,290,86,〃,〃,〃
2022-04-24,36035,608,161,293,24,290,86,〃,〃,〃
2022-04-25,36052,608,161,293,24,290,86,〃,〃,〃
2022-04-26,36070,608,161,293,24,290,86,〃,〃,〃
2022-04-27,36090,609,161,293,24,290,86,〃,〃,〃
2022-04-28,36109,609,161,293,24,290,86,〃,〃,〃
2022-04-29,36133,609,161,293,24,290,86,〃,〃,〃
2022-04-30,36157,610,161,293,24,290,86,〃,〃,〃
2022-05-01,36179,610,161,293,24,290,86,〃,〃,〃
2022-05-02,36202,610,161,293,24,290,86,〃,〃,〃
2022-05-03,36229,610,161,293,24,290,86,〃,〃,〃
2022-05-04,36259,610,161,293,24,290,86,〃,〃,〃
2022-05-05,36279,610,161,293,24,290,86,〃,〃,〃
2022-05-06,36295,610,161,293,24,290,86,〃,〃,〃
2022-05-07,36314,611,161,293,24,290,86,〃,〃,〃
2022-05-08,36349,611,161,293,24,290,87,〃,〃,〃
2022-05-09,36373,611,161,293,24,290,87,〃,〃,〃
2022-05-10,36390,611,161,293,24,290,87,〃,〃,〃
2022-05-11,36404,612,161,293,24,291,87,〃,〃,〃
2022-05-12,36422,612,161,293,24,291,87,〃,〃,〃
2022-05-13,36434,612,161,293,24,291,87,〃,〃,〃
2022-05-14,36451,612,161,293,24,291,87,〃,〃,〃
2022-05-15,36485,613,161,293,24,291,87,〃,〃,〃
2022-05-16,36494,614,161,294,24,291,87,〃,〃,〃
2022-05-17,36509,615,161,294,24,291,87,〃,〃,〃
2022-05-18,36527,615,161,294,24,291,87,〃,〃,〃
2022-05-19,36543,616,161,294,24,291,87,〃,〃,〃
2022-05-20,36552,616,161,294,24,291,87,〃,〃,〃
2022-05-21,36573,616,161,294,24,291,87,〃,〃,〃
2022-05-22,36597,616,161,294,24,291,87,〃,〃,〃
2022-05-23,36607,616,161,294,24,291,87,〃,〃,〃
2022-05-24,36614,616,161,294,24,291,87,〃,〃,〃
2022-05-25,36628,616,161,294,24,291,87,〃,〃,〃
2022-05-26,36648,616,161,294,24,291,87,〃,〃,〃
2022-05-27,36661,616,161,294,24,291,87,〃,〃,〃
2022-05-28,36697,616,161,294,24,291,87,〃,〃,〃
2022-05-29,36720,616,161,294,24,291,87,〃,〃,〃
2022-05-30,36729,616,161,294,24,291,87,〃,〃,〃
2022-05-31,36740,616,161,294,24,291,87,〃,〃,〃
2022-06-01,36757,616,161,294,24,291,87,〃,〃,〃
2022-06-02,36813,616,161,294,24,291,87,〃,〃,〃
2022-06-03,36923,617,161,294,24,291,87,〃,〃,〃
2022-06-04,36987,617,161,295,24,291,87,〃,〃,〃
2022-06-05,37060,617,161,295,24,291,87,〃,〃,〃
2022-06-06,37093,617,161,295,24,291,87,〃,〃,〃
2022-06-07,37117,617,161,295,24,291,87,〃,〃,〃
2022-06-08,37152,617,161,295,24,291,87,〃,〃,〃
2022-06-09,37176,617,161,295,24,291,87,〃,〃,〃
2022-06-10,37197,617,161,295,24,291,87,〃,〃,〃
2022-06-11,37218,617,161,295,24,291,87,〃,〃,〃
2022-06-12,37257,619,161,296,24,291,87,〃,〃,〃
2022-06-13,37282,619,161,296,24,291,87,〃,〃,〃
2022-06-14,37302,619,161,296,24,291,87,〃,〃,〃
2022-06-17,37364,621,161,296,24,291,87,〃,〃,〃
2022-06-18,37398,622,161,297,24,291,87,〃,〃,〃
2022-06-19,37429,624,161,297,24,291,87,〃,〃,〃
2022-06-20,37449,624,161,296,24,291,87,〃,"1.场景取自植物大战僵尸冒险1-1（废话...）
2.不知道进化史是多少人的童年呢...
3.喜欢就投个票吧（尽管这么迟发已经不抱太大希望了=  =）
4.不知道导出画质如何...（如果清晰这句话可以无视）
5.之前的视频模糊不清于是乎删了重发...
6.视频里面的时代名字是胡编的...（为什么中世纪会有橄榄球啊喂）
7.原版《进化史》里面的士兵莫名给人一种在排队结账的错觉...",〃
2022-06-21,37461,624,161,296,24,291,87,〃,〃,〃
2022-06-22,37484,624,161,296,24,291,87,〃,〃,〃
2022-06-23,37497,624,161,296,24,291,87,〃,〃,〃
2022-06-24,37520,624,161,296,24,291,87,〃,〃,〃
2022-06-25,37548,625,161,296,24,291,87,〃,〃,〃
2022-06-26,37564,625,161,296,24,291,87,〃,〃,〃
2022-06-27,37586,626,161,297,24,291,87,〃,〃,〃
2022-06-28,37603,626,161,297,24,291,87,〃,〃,〃
2022-06-29,37615,627,161,297,24,290,83,〃,〃,〃
2022-06-30,37634,627,161,297,24,290,83,〃,〃,〃
2022-07-01,37649,628,161,297,24,290,83,〃,〃,〃
2022-07-02,37674,628,161,297,24,290,83,〃,〃,〃
2022-07-03,37690,628,161,297,24,290,83,〃,〃,〃
2022-07-05,37724,629,161,297,24,290,83,〃,〃,〃
2022-07-06,37738,630,161,297,24,290,83,〃,〃,〃
2022-07-07,37756,630,161,296,24,290,83,〃,〃,〃
2022-07-08,37772,630,161,296,24,290,83,〃,〃,〃
2022-07-09,37787,631,161,296,24,290,83,〃,〃,〃
2022-07-10,37802,631,161,296,24,290,83,〃,〃,〃
2022-07-11,37819,631,161,296,24,290,83,〃,〃,〃
2022-07-12,37839,632,161,296,24,290,83,〃,〃,〃
2022-07-13,37858,632,161,296,24,290,83,〃,〃,〃
2022-07-14,37877,632,161,296,24,290,83,〃,〃,〃
2022-07-15,37892,632,161,296,24,290,83,〃,〃,〃
2022-07-16,37912,633,161,296,24,290,83,〃,〃,〃
2022-07-17,37931,633,161,296,24,290,83,〃,〃,〃
2022-07-18,37960,633,161,295,24,290,83,〃,〃,〃
2022-07-19,37981,633,161,295,24,290,83,〃,〃,〃
2022-07-20,38005,634,161,295,24,290,83,〃,〃,〃
2022-07-21,38019,635,161,295,24,290,83,〃,〃,〃
2022-07-22,38036,635,161,295,24,290,83,〃,〃,〃
2022-07-23,38055,636,161,295,24,290,83,〃,〃,〃
2022-07-24,38073,636,161,295,24,290,83,〃,〃,〃
2022-07-25,38095,636,161,295,24,290,83,〃,〃,〃
2022-07-26,38108,636,161,295,24,290,83,〃,〃,〃
2022-07-27,38130,636,161,295,24,290,83,〃,〃,〃
2022-07-28,38149,636,161,295,24,290,83,〃,〃,〃
2022-07-29,38174,637,161,295,24,290,83,〃,〃,〃
2022-07-30,38264,639,161,295,24,290,83,〃,〃,〃
2022-07-31,38309,640,161,295,24,290,83,〃,〃,〃
2022-08-01,38355,645,161,295,24,290,83,〃,〃,〃
2022-08-02,38388,646,161,293,24,290,83,〃,〃,〃
2022-08-03,38423,647,161,293,24,290,83,〃,〃,〃
2022-08-04,38454,648,161,293,24,290,83,〃,〃,〃
