date,following,follower,likes,archive,article,sign,notice,face,top_photo
2022-02-06,100,1030045,4613484,87102928,132876,主要以MC为载体做一些有意思的东西  // 合作＆建设：https://eggs.gold  QQ：1558854197,"【你发现了一个隐藏的成就】通过WEB端进入主页！
加入我们：https://eggs.gold
交流群：879169184
合作QQ：1558854197",http://i1.hdslb.com/bfs/face/4a8468d5888ff4d7954b6053f398532514685f76.jpg,http://i1.hdslb.com/bfs/space/69035c84b3de723511efe9a6c6e8db9dcdae100d.png
2022-02-07,100,1030578,4632295,87165401,132903,〃,〃,〃,http://i0.hdslb.com/bfs/space/69035c84b3de723511efe9a6c6e8db9dcdae100d.png
2022-02-08,100,1031261,4638625,87336815,132948,〃,〃,〃,〃
2022-02-09,100,1031798,4642163,87438404,132973,〃,〃,〃,〃
2022-02-10,100,1032150,4644803,87515491,132999,〃,〃,〃,〃
2022-02-11,100,1032524,4647215,87587568,133024,〃,〃,〃,〃
2022-02-12,100,1032845,4649663,87652878,133048,〃,〃,〃,〃
2022-02-13,100,1033147,4651535,87710651,133068,〃,〃,〃,〃
2022-02-14,100,1033405,4653099,87765045,133093,〃,〃,〃,〃
2022-02-15,100,1033706,4654580,87814868,133108,〃,〃,〃,〃
2022-02-16,100,1033892,4655666,87858008,133128,〃,〃,〃,〃
2022-02-17,100,1034009,4656447,87893858,133139,〃,〃,〃,〃
2022-02-18,100,1034152,4657297,87921043,133152,〃,〃,〃,〃
2022-02-19,100,1034516,4658720,87952270,133164,〃,〃,〃,〃
2022-02-20,100,1034803,4659995,87999292,133183,〃,〃,〃,〃
2022-02-21,100,1034890,4660568,88039513,133199,〃,〃,〃,〃
2022-02-22,100,1034947,4661227,88058434,133205,〃,〃,〃,〃
2022-02-23,100,1035004,4661896,88080859,133206,〃,〃,〃,〃
2022-02-24,100,1035071,4662495,88102494,133215,〃,〃,〃,〃
2022-02-25,100,1035127,4663200,88122472,133224,〃,〃,〃,〃
2022-02-26,100,1035280,4664417,88147469,133239,〃,〃,〃,〃
2022-02-27,100,1035408,4665639,88190144,133248,〃,〃,〃,〃
2022-02-28,100,1035454,4666180,88231247,133264,〃,〃,〃,〃
2022-03-01,100,1035490,4666574,88249811,133266,〃,〃,〃,〃
2022-03-02,100,1035509,4666969,88265768,133275,〃,〃,〃,〃
2022-03-03,100,1035565,4667399,88282144,133281,〃,〃,〃,〃
2022-03-04,100,1035641,4667933,88298908,133286,〃,〃,〃,〃
2022-03-05,100,1035806,4669093,88321758,133293,〃,〃,〃,〃
2022-03-06,100,1035896,4670291,88369584,133311,〃,〃,〃,〃
2022-03-07,100,1035910,4670704,88413635,133322,〃,〃,〃,〃
2022-03-08,100,1035898,4671100,88433203,133325,〃,〃,〃,〃
2022-03-09,100,1035953,4671540,88450838,133331,〃,〃,〃,〃
2022-03-10,100,1035982,4671961,88469239,133342,〃,〃,〃,〃
2022-03-11,100,1036002,4672409,88483190,133352,〃,〃,〃,〃
2022-03-12,100,1036118,4673363,88497972,133354,〃,〃,〃,〃
2022-03-13,100,1036157,4674284,88525885,133376,〃,〃,〃,〃
2022-03-14,100,1036165,4674709,88553603,133396,〃,〃,〃,〃
2022-03-15,100,1036170,4675168,88567233,133402,〃,〃,〃,〃
2022-03-16,100,1036150,4675628,88580485,133411,〃,〃,〃,〃
2022-03-17,100,1036182,4676109,88593406,133426,〃,〃,〃,〃
2022-03-18,100,1036260,4676711,88607406,133428,〃,〃,〃,〃
2022-03-19,100,1036443,4678059,88623539,133436,〃,〃,〃,〃
2022-03-20,100,1036633,4681053,88656906,133445,〃,〃,〃,〃
2022-03-21,100,1036687,4682648,88733160,133461,〃,〃,〃,〃
2022-03-22,100,1036764,4683803,88773535,133472,〃,〃,〃,〃
2022-03-23,100,1036794,4684574,88797142,133476,〃,〃,〃,〃
2022-03-24,100,1036825,4685263,88816070,133482,〃,〃,〃,〃
2022-03-25,100,1036895,4686144,88832922,133493,〃,〃,〃,〃
2022-03-26,100,1036934,4687492,88854871,133505,〃,〃,〃,〃
2022-03-27,100,1036947,4688513,88893819,133514,〃,〃,〃,〃
2022-03-28,100,1036934,4689033,88920394,133533,〃,〃,〃,〃
2022-03-29,100,1036959,4689587,88935095,133542,〃,〃,〃,〃
2022-03-30,100,1036963,4690387,88950979,133559,〃,〃,〃,〃
2022-03-31,100,1036979,4691214,88966489,133565,〃,〃,〃,〃
2022-04-01,100,1037008,4691809,88983765,133572,〃,〃,〃,〃
2022-04-02,100,1037057,4692556,89000324,133592,〃,〃,〃,〃
2022-04-03,100,1037127,4693752,89020677,133607,〃,〃,〃,〃
2022-04-04,100,1037240,4694818,89050430,133630,〃,〃,〃,〃
2022-04-05,100,1037316,4695960,89077767,133648,〃,〃,〃,〃
2022-04-06,100,1037365,4696664,89105434,133665,〃,〃,〃,〃
2022-04-07,100,1037407,4697388,89124567,133676,〃,〃,〃,〃
2022-04-08,100,1037478,4698405,89142445,133688,〃,〃,〃,〃
2022-04-09,100,1037626,4699594,89165367,133696,〃,〃,〃,〃
2022-04-10,100,1037767,4700648,89194288,133710,〃,〃,〃,〃
2022-04-11,100,1037838,4701408,89222899,133723,〃,〃,〃,〃
2022-04-12,100,1037976,4702162,89240951,133738,〃,〃,〃,〃
2022-04-13,100,1038102,4702986,89259515,133757,〃,〃,〃,〃
2022-04-14,100,1038216,4703845,89277744,133777,〃,〃,〃,〃
2022-04-15,100,1038319,4705391,89297111,133790,〃,〃,〃,http://i1.hdslb.com/bfs/space/cb1c3ef50e22b6096fde67febe863494caefebad.png
2022-04-16,100,1038552,4707106,89330541,133810,〃,〃,〃,〃
2022-04-17,100,1038721,4708397,89368585,133843,〃,〃,〃,〃
2022-04-18,100,1038798,4709055,89400038,133855,〃,〃,〃,〃
2022-04-19,100,1038898,4709681,89416394,133868,〃,〃,〃,http://i1.hdslb.com/bfs/space/cdf62e7595e033bdac8e661912849362288ab104.png
2022-04-20,100,1039001,4710287,89433939,133881,〃,〃,〃,〃
2022-04-21,100,1039097,4710926,89451463,133887,〃,〃,〃,〃
2022-04-22,100,1039244,4711670,89467774,133890,〃,〃,〃,〃
2022-04-23,100,1039475,4712874,89489389,133901,〃,〃,〃,〃
2022-04-24,100,1039559,4713546,89521001,133919,〃,〃,〃,〃
2022-04-25,100,1039608,4714089,89540391,133928,〃,〃,〃,〃
2022-04-26,100,1039656,4714607,89555420,133936,〃,"【你发现了一个隐藏的成就】通过WEB端进入主页！
加入我们：https://eggs.gold
交流群：879169184
合作QQ：1558854197",〃,http://i0.hdslb.com/bfs/space/cdf62e7595e033bdac8e661912849362288ab104.png
2022-04-27,100,1039766,4715194,89570462,133955,〃,〃,〃,http://i1.hdslb.com/bfs/space/cdf62e7595e033bdac8e661912849362288ab104.png
2022-04-28,100,1039838,4715769,89586091,133969,〃,〃,〃,http://i2.hdslb.com/bfs/space/cdf62e7595e033bdac8e661912849362288ab104.png
2022-04-29,100,1039997,4716694,89604418,133987,〃,〃,〃,〃
2022-04-30,100,1040153,4717619,89622745,134004,〃,〃,〃,〃
2022-05-01,100,1040225,4718819,89654173,134018,〃,〃,〃,〃
2022-05-02,100,1040350,4719775,89684781,134035,〃,〃,〃,http://i1.hdslb.com/bfs/space/cdf62e7595e033bdac8e661912849362288ab104.png
2022-05-03,100,1040470,4720784,89709938,134050,〃,〃,〃,http://i2.hdslb.com/bfs/space/cdf62e7595e033bdac8e661912849362288ab104.png
2022-05-04,100,1040487,4725734,89734572,134059,〃,〃,〃,〃
2022-05-05,100,1040526,4726741,89763906,134072,〃,〃,〃,http://i1.hdslb.com/bfs/space/cdf62e7595e033bdac8e661912849362288ab104.png
2022-05-06,100,1040635,4727634,89780242,134080,〃,〃,〃,http://i0.hdslb.com/bfs/space/cdf62e7595e033bdac8e661912849362288ab104.png
2022-05-07,100,1040729,4728693,89799373,134089,〃,〃,〃,〃
2022-05-08,100,1040865,4730062,89820424,134095,〃,〃,〃,http://i1.hdslb.com/bfs/space/cdf62e7595e033bdac8e661912849362288ab104.png
2022-05-09,100,1040928,4730685,89850204,134114,〃,〃,〃,http://i0.hdslb.com/bfs/space/cdf62e7595e033bdac8e661912849362288ab104.png
2022-05-10,100,1040954,4731309,89864931,134116,〃,〃,〃,http://i2.hdslb.com/bfs/space/cdf62e7595e033bdac8e661912849362288ab104.png
2022-05-11,100,1041005,4731931,89880508,134119,〃,"【你发现了一个隐藏的成就】通过WEB端进入主页！
加入我们：https://eggs.gold
交流群：879169184
合作QQ：1558854197",〃,http://i1.hdslb.com/bfs/space/cdf62e7595e033bdac8e661912849362288ab104.png
2022-05-12,100,1041078,4732504,89897365,134123,〃,〃,〃,http://i0.hdslb.com/bfs/space/cdf62e7595e033bdac8e661912849362288ab104.png
2022-05-13,100,1041138,4733080,89912733,134133,〃,〃,〃,http://i1.hdslb.com/bfs/space/cdf62e7595e033bdac8e661912849362288ab104.png
2022-05-14,100,1041287,4734162,89928369,134141,〃,〃,〃,http://i0.hdslb.com/bfs/space/cdf62e7595e033bdac8e661912849362288ab104.png
2022-05-15,100,1041458,4735316,89956395,134161,〃,〃,〃,http://i1.hdslb.com/bfs/space/cdf62e7595e033bdac8e661912849362288ab104.png
2022-05-16,100,1041482,4735797,89985363,134173,〃,〃,〃,〃
2022-05-17,100,1041519,4736386,89998133,134179,〃,〃,〃,http://i0.hdslb.com/bfs/space/cdf62e7595e033bdac8e661912849362288ab104.png
2022-05-18,100,1041536,4737012,90011342,134195,〃,〃,〃,http://i1.hdslb.com/bfs/space/cdf62e7595e033bdac8e661912849362288ab104.png
2022-05-19,100,1041619,4737476,90024918,134209,〃,〃,〃,http://i0.hdslb.com/bfs/space/cdf62e7595e033bdac8e661912849362288ab104.png
2022-05-20,100,1041567,4738551,90037375,134214,〃,〃,〃,http://i1.hdslb.com/bfs/space/cdf62e7595e033bdac8e661912849362288ab104.png
2022-05-21,100,1041720,4739846,90052426,134225,〃,〃,〃,http://i2.hdslb.com/bfs/space/cdf62e7595e033bdac8e661912849362288ab104.png
2022-05-22,100,1041973,4741009,90083046,134244,〃,〃,〃,http://i1.hdslb.com/bfs/space/cdf62e7595e033bdac8e661912849362288ab104.png
2022-05-23,100,1042094,4741580,90113430,134257,〃,〃,〃,http://i0.hdslb.com/bfs/space/cdf62e7595e033bdac8e661912849362288ab104.png
2022-05-24,100,1042226,4742049,90127140,134264,〃,〃,〃,http://i1.hdslb.com/bfs/space/cdf62e7595e033bdac8e661912849362288ab104.png
2022-05-25,100,1042360,4742556,90140515,134274,〃,〃,〃,http://i0.hdslb.com/bfs/space/cdf62e7595e033bdac8e661912849362288ab104.png
2022-05-26,100,1042501,4743141,90154327,134285,〃,〃,〃,〃
2022-05-27,100,1042691,4743829,90168898,134294,〃,〃,〃,〃
2022-05-28,100,1042937,4745754,90187312,134309,〃,〃,〃,http://i2.hdslb.com/bfs/space/cdf62e7595e033bdac8e661912849362288ab104.png
2022-05-29,100,1043195,4747135,90221909,134326,〃,〃,〃,〃
2022-05-30,100,1043274,4747618,90251046,134341,〃,〃,〃,〃
2022-05-31,100,1043343,4748003,90263942,134347,〃,〃,〃,〃
2022-06-01,100,1043462,4748504,90276743,134353,〃,〃,〃,http://i1.hdslb.com/bfs/space/cdf62e7595e033bdac8e661912849362288ab104.png
2022-06-02,100,1043876,4759508,90294620,134365,〃,〃,〃,〃
2022-06-03,100,1045403,4769307,90384421,134392,〃,〃,〃,http://i2.hdslb.com/bfs/space/cdf62e7595e033bdac8e661912849362288ab104.png
2022-06-04,100,1046117,4773519,90535698,134418,〃,〃,〃,http://i1.hdslb.com/bfs/space/cdf62e7595e033bdac8e661912849362288ab104.png
2022-06-05,100,1046857,4781703,90620006,134440,〃,〃,〃,http://i2.hdslb.com/bfs/space/cdf62e7595e033bdac8e661912849362288ab104.png
2022-06-06,100,1047283,4784310,90781822,134460,〃,〃,〃,〃
2022-06-07,100,1047775,4786458,90839206,134474,〃,〃,〃,http://i0.hdslb.com/bfs/space/cdf62e7595e033bdac8e661912849362288ab104.png
2022-06-08,100,1048018,4788277,90883171,134497,〃,〃,〃,http://i2.hdslb.com/bfs/space/cdf62e7595e033bdac8e661912849362288ab104.png
2022-06-09,100,1048252,4789392,90919257,134510,〃,〃,〃,http://i1.hdslb.com/bfs/space/cdf62e7595e033bdac8e661912849362288ab104.png
2022-06-10,100,1048538,4790450,90945134,134517,〃,〃,〃,http://i2.hdslb.com/bfs/space/cdf62e7595e033bdac8e661912849362288ab104.png
2022-06-11,100,1048955,4792705,90971401,134525,〃,〃,〃,http://i0.hdslb.com/bfs/space/cdf62e7595e033bdac8e661912849362288ab104.png
2022-06-20,100,1051303,4807351,91310824,146482,〃,"【你发现了一个隐藏的成就】通过WEB端进入主页！
加入我们：https://eggs.gold
交流群：879169184
合作QQ：1558854197",〃,http://i2.hdslb.com/bfs/space/cdf62e7595e033bdac8e661912849362288ab104.png
2022-06-21,100,1051486,4808297,91341485,147470,〃,〃,〃,http://i1.hdslb.com/bfs/space/cdf62e7595e033bdac8e661912849362288ab104.png
2022-06-22,100,1051621,4809132,91364319,147902,〃,〃,〃,〃
2022-06-23,100,1051771,4810005,91384094,148050,〃,〃,〃,http://i0.hdslb.com/bfs/space/cdf62e7595e033bdac8e661912849362288ab104.png
2022-06-24,100,1051906,4810853,91405726,148207,〃,〃,〃,〃
2022-06-25,100,1052057,4812154,91429470,148355,〃,〃,〃,http://i1.hdslb.com/bfs/space/cdf62e7595e033bdac8e661912849362288ab104.png
2022-06-26,100,1052231,4813252,91479567,148521,〃,〃,〃,http://i0.hdslb.com/bfs/space/cdf62e7595e033bdac8e661912849362288ab104.png
2022-06-27,100,1052350,4814221,91515546,148680,〃,〃,〃,〃
2022-06-28,100,1052495,4815093,91545714,148826,〃,〃,〃,〃
2022-06-29,100,1052598,4816198,91571848,148959,〃,"【你发现了一个隐藏的成就】通过WEB端进入主页！
加入我们：https://eggs.gold
闲聊群：156461483
也是闲聊群：751555929
外部交流合作群：879169184
合作QQ：1558854197",〃,〃
2022-06-30,100,1052709,4817039,91600794,149074,〃,〃,〃,〃
2022-07-01,100,1052785,4817815,91622806,149208,〃,〃,〃,http://i2.hdslb.com/bfs/space/cdf62e7595e033bdac8e661912849362288ab104.png
2022-07-02,100,1052987,4818694,91645248,149304,〃,〃,〃,http://i1.hdslb.com/bfs/space/cdf62e7595e033bdac8e661912849362288ab104.png
2022-07-03,100,1053145,4819585,91670666,149449,〃,〃,〃,〃
2022-07-05,100,1053380,4821853,91719650,149646,〃,〃,〃,http://i2.hdslb.com/bfs/space/cdf62e7595e033bdac8e661912849362288ab104.png
2022-07-06,100,1053533,4822724,91744106,149743,〃,〃,〃,〃
2022-07-07,100,1053692,4823721,91769476,149831,〃,〃,〃,http://i0.hdslb.com/bfs/space/cdf62e7595e033bdac8e661912849362288ab104.png
2022-07-08,100,1053655,4824770,91798602,149947,〃,〃,〃,http://i2.hdslb.com/bfs/space/cdf62e7595e033bdac8e661912849362288ab104.png
2022-07-09,100,1053419,4826627,91825878,150050,〃,〃,〃,http://i0.hdslb.com/bfs/space/cdf62e7595e033bdac8e661912849362288ab104.png
2022-07-10,100,1053523,4827432,91853483,150180,〃,〃,〃,〃
2022-07-11,100,1053616,4828259,91878223,150266,〃,〃,〃,http://i2.hdslb.com/bfs/space/cdf62e7595e033bdac8e661912849362288ab104.png
2022-07-12,100,1053730,4829127,91902213,150346,〃,〃,〃,http://i0.hdslb.com/bfs/space/cdf62e7595e033bdac8e661912849362288ab104.png
2022-07-13,100,1053874,4829967,91927083,150447,〃,〃,〃,http://i2.hdslb.com/bfs/space/cdf62e7595e033bdac8e661912849362288ab104.png
2022-07-14,100,1054022,4830820,91951041,150531,〃,〃,〃,〃
2022-07-15,100,1054133,4831670,91974584,150615,〃,〃,〃,http://i0.hdslb.com/bfs/space/cdf62e7595e033bdac8e661912849362288ab104.png
2022-07-16,100,1054234,4832530,91998375,150667,〃,〃,〃,http://i2.hdslb.com/bfs/space/cdf62e7595e033bdac8e661912849362288ab104.png
2022-07-17,100,1054382,4833398,92021999,150728,〃,〃,〃,〃
2022-07-18,100,1054504,4834354,92045846,150780,〃,〃,〃,〃
2022-07-19,100,1054620,4835250,92070674,150843,〃,〃,〃,〃
2022-07-20,100,1054769,4836156,92096785,150907,〃,〃,〃,http://i1.hdslb.com/bfs/space/cdf62e7595e033bdac8e661912849362288ab104.png
2022-07-21,100,1054921,4838283,92123913,150980,〃,〃,〃,http://i0.hdslb.com/bfs/space/cdf62e7595e033bdac8e661912849362288ab104.png
2022-07-22,100,1055060,4840418,92151057,151116,〃,〃,〃,〃
2022-07-23,100,1055222,4841511,92180011,151373,〃,〃,〃,http://i2.hdslb.com/bfs/space/cdf62e7595e033bdac8e661912849362288ab104.png
2022-07-24,100,1055313,4842511,92208840,151460,〃,〃,〃,〃
2022-07-25,100,1055394,4843728,92235125,151528,〃,〃,〃,〃
2022-07-26,100,1055480,4844909,92263456,151592,〃,〃,〃,http://i1.hdslb.com/bfs/space/cdf62e7595e033bdac8e661912849362288ab104.png
2022-07-27,100,1055680,4846104,92290556,151653,〃,〃,〃,http://i2.hdslb.com/bfs/space/cdf62e7595e033bdac8e661912849362288ab104.png
2022-07-28,100,1055913,4847520,92321167,151734,〃,〃,〃,http://i1.hdslb.com/bfs/space/cdf62e7595e033bdac8e661912849362288ab104.png
2022-07-29,100,1056123,4851816,92356352,151797,〃,〃,〃,http://i2.hdslb.com/bfs/space/cdf62e7595e033bdac8e661912849362288ab104.png
2022-07-30,100,1056662,4867744,92394182,151922,〃,〃,〃,http://i0.hdslb.com/bfs/space/cdf62e7595e033bdac8e661912849362288ab104.png
2022-07-31,100,1057551,4876438,92536448,152073,〃,〃,〃,http://i2.hdslb.com/bfs/space/cdf62e7595e033bdac8e661912849362288ab104.png
2022-08-01,100,1058264,4882450,92619190,152143,〃,〃,〃,〃
2022-08-02,100,1058653,4886241,92678530,152196,〃,〃,〃,〃
2022-08-03,100,1059023,4888667,92724710,152260,〃,〃,〃,http://i0.hdslb.com/bfs/space/cdf62e7595e033bdac8e661912849362288ab104.png
2022-08-04,100,1059314,4890295,92765970,152295,〃,〃,〃,〃
2022-08-04,100,1059322,4890322,92765970,152295,〃,〃,〃,〃
2022-08-04,100,1059322,4890325,92765970,152295,〃,〃,〃,〃
2022-08-04,100,1059323,4890328,92765970,152295,〃,〃,〃,〃
2022-08-04,100,1059326,4890334,92765970,152295,〃,〃,〃,〃
2022-08-04,100,1059327,4890335,92765970,152295,〃,〃,〃,〃
